{"cameraMode":{"drawMode":0,"name":"Shaded","section":"Shading Mode"},"sceneLighting":true,"audioPlay":false,"sceneViewState":{"showFog":true,"showMaterialUpdate":false,"showSkybox":true,"showFlares":true,"showImageEffects":true,"showParticleSystems":true},"in2DMode":false,"pivot":{"x":3.29144287109375,"y":4.5196075439453129,"z":134.95236206054688},"rotation":{"x":0.07582347095012665,"y":-0.6865677237510681,"z":0.0723557397723198,"w":0.7194724082946777},"size":107.30233764648438,"orthographic":false}